Gene	Study of Origin	Sample ID	Cancer Type	Cancer Type Detailed	Protein Change	Annotation	Custom Driver	Custom Driver Tiers	Functional Impact	Mutation Type	Variant Type	Copy #	MS	VS	Center	Chromosome	Start Pos	End Pos	Ref	Var	HGVSg	HGVSc	Allele Freq (T)	Allele Freq (N)	Variant Reads	Ref Reads	Variant Reads (Normal)	Ref Reads (Normal)	# Mut in Sample	Exon	gnomAD	ClinVar	dbSNP	SIGNAL	Diagnosis Age	AJCC Incidental Prostate Cancer	American Joint Committee on Cancer Metastasis Stage Code	Neoplasm Disease Lymph Node Stage American Joint Committee on Cancer Code	Neoplasm Disease Stage American Joint Committee on Cancer Code	American Joint Committee on Cancer Publication Version Type	American Joint Committee on Cancer Tumor Stage Code	Angiolymphatic Invasion	Neoplasm American Joint Committee on Cancer Clinical Primary Tumor T Stage	Birth from Initial Pathologic Diagnosis Date	Days to Sample Collection.	Death from Initial Pathologic Diagnosis Date	Last Alive Less Initial Pathologic Diagnosis Date Calculated Day Value	Days to Last Followup	Disease Free (Months)	Disease Free Status	Disease code	Performance Status	Ethnicity Category	Extracapsular Extension	Extracapsular Extension present	Family History Cancer Relationship	Family History Cancer Type	Form completion date	Neoplasm Histologic Grade	Patient Height	Neoplasm Histologic Type Name	Tumor Other Histologic Subtype	Neoadjuvant Therapy Type Administered Prior To Resection Text	Prior Cancer Diagnosis Occurence	ICD-10 Classification	International Classification of Diseases for Oncology, Third Edition ICD-O-3 Histology Code	International Classification of Diseases for Oncology, Third Edition ICD-O-3 Site Code	Incidental Prostate Cancer Indicator	Informed consent verified	Year Cancer Initial Diagnosis	Is FFPE	Karnofsky Performance Score	Primary Lymph Node Presentation Assessment Ind-3	Positive Finding Lymph Node Hematoxylin and Eosin Staining Microscopy Count	Lymph Node(s) Examined Number	Metastatic Site Other	Metastatic Site	First Pathologic Diagnosis Biospecimen Acquisition Method Type	First Pathologic Diagnosis Biospecimen Acquisition Other Method Type	New Neoplasm Event Post Initial Therapy Indicator	Noninvasive Bladder Cancer Treatment Type	History of Noninvasive Bladder Cancer	Occupation Current	Occupation Primary	Occupation Primary Chemical Exposure	Occupation Primary Industry	Occupation Primary Years Worked	Oct embedded	Oncotree Code	Overall Survival (Months)	Overall Survival Status	Other Patient ID	Other Sample ID	Pathology Report File Name	Pathology report uuid	Adjuvant Postoperative Pharmaceutical Therapy Administered Indicator	Primary Tumor Site	Project code	Tissue Prospective Collection Indicator	Race Category	Did patient start adjuvant postoperative radiotherapy?	Tissue Retrospective Collection Indicator	Number of Samples Per Patient	Sample Initial Weight	Sample Type	Sample type id	Sex	Person Cigarette Smoking History Pack Year Value	Started Smoking Year	Stopped Smoking Year	Somatic Status	Time To Complete Response (months)	Tissue Source Site	TMB (nonsynonymous)	Patient Smoking History Category	Primary Therapy Outcome Success Type	Person Neoplasm Status	Tumor Disease Anatomic Site	Treatment (90 Days Post Resection)	Treatment (Complete Response)	Treatment (Induction Courses Indicator)	Treatment (Maintenance Courses Indicator)	Vial number	Patient Weight
KANSL1	Bladder Cancer (TCGA, Cell 2017)	TCGA-2F-A9KR-01	Bladder Cancer	Bladder Urothelial Carcinoma	S830*	OncoKB: NA;CIViC: NA;CancerHotspot: no;3DHotspot: no			MutationAssessor: NA;SIFT: NA;Polyphen-2: NA;AlphaMissense: NA	Nonsense_Mutation	SNP	ShallowDel	Somatic	NaN	broad.mit.edu	17	44115956	44115956	G	C	17:g.44115956G>C	ENST00000262419.6:c.2489C>G	0.44		20	25			225	10/15					59		M0	N0	Stage III	5th	T3a	YES	T2	-21848	4919		0	3148	101.38	1:Recurred/Progressed								3/19/14	High Grade	176	Muscle invasive urothelial carcinoma (pT2 or above)	Non-Papillary	No	No	C67.9	8130/3	C67.9	NO	YES	2000	NO	70	YES	0	4			Transurethral resection (TURBT)		YES		NO	Homemaker	Homemaker				FALSE	BLCA	104.57	1:DECEASED	F6D916B0-8E4C-49CB-A0D4-883908F3284F	B83BAB59-8667-4920-9593-575997621B34	TCGA-2F-A9KR.EC17D988-194A-4C20-9BF8-D7CC75D9DF55.pdf	EC17D988-194A-4C20-9BF8-D7CC75D9DF55	NO	Bladder - NOS		NO		NO	YES	1	650	Primary	1	Female	22.5			Matched		2F	7.5	2	Complete Remission/Response	WITH TUMOR	Bladder					A	80
KANSL1	Bladder Cancer (TCGA, Cell 2017)	TCGA-4Z-AA7W-01	Bladder Cancer	Bladder Urothelial Carcinoma	S434*	OncoKB: NA;CIViC: NA;CancerHotspot: no;3DHotspot: no			MutationAssessor: NA;SIFT: NA;Polyphen-2: NA;AlphaMissense: NA	Nonsense_Mutation	SNP	Diploid	Somatic	NaN	broad.mit.edu	17	44172056	44172056	G	C	17:g.44172056G>C	ENST00000262419.6:c.1301C>G	0.14		16	95			508	3/15			rs2041986141		55		M0	N0	Stage II	7th	T2a	NO	T2a	-20424	518		0	742	24.97	1:Recurred/Progressed								10/1/14	High Grade	166	Muscle invasive urothelial carcinoma (pT2 or above)	Non-Papillary	No	No	C67.2	8120/3	C67.2	NO	YES	2012	NO		YES	0	16			Transurethral resection (TURBT)		YES								TRUE	BLCA	27.6	0:LIVING	821B99BC-7E14-45B9-898D-6E8E149BC8A7	B6FF3630-077B-4878-B4FC-731600C6368D	TCGA-4Z-AA7W.07E6E6FB-7E6B-4439-937A-9D479EFC7515.pdf	07E6E6FB-7E6B-4439-937A-9D479EFC7515	NO	Bladder - NOS		NO	WHITE	NO	YES	1	140	Primary	1	Male				Matched		4Z	16.96666667	1	Complete Remission/Response	WITH TUMOR	Bladder					A	67
KANSL1	Bladder Cancer (TCGA, Cell 2017)	TCGA-BT-A20Q-01	Bladder Cancer	Bladder Urothelial Carcinoma	S999*	OncoKB: NA;CIViC: NA;CancerHotspot: no;3DHotspot: no			MutationAssessor: NA;SIFT: NA;Polyphen-2: NA;AlphaMissense: NA	Nonsense_Mutation	SNP	Gain	Somatic	NaN	broad.mit.edu	17	44109507	44109507	G	C	17:g.44109507G>C	ENST00000262419.6:c.2996C>G	0.17		11	55			94	14/15					73		M0	N2	Stage IV	6th	T3b		T3b	-26778	1898	593	0						NOT HISPANIC OR LATINO					10/5/11	High Grade		Muscle invasive urothelial carcinoma (pT2 or above)	Non-Papillary	No	No	C67.0	8120/3	C67.0		YES	2006	NO		YES	4	23			Transurethral resection (TURBT)						Clerical clerk		Grocery store		TRUE	BLCA	19.48	1:DECEASED	419deaac-ea45-4bdd-9fa0-b5cd8429b44f	f3906cd4-31c7-48a8-935b-5b7fafec1ae7	TCGA-BT-A20Q.E686B42F-3A8C-4181-836E-79D4443DC0CD.pdf	E686B42F-3A8C-4181-836E-79D4443DC0CD				NO	WHITE		YES	1	320	Primary	1	Male				Matched		BT	3.133333333	1		WITH TUMOR	Bladder					A	
KANSL1	Bladder Cancer (TCGA, Cell 2017)	TCGA-CF-A47T-01	Bladder Cancer	Bladder Urothelial Carcinoma	N620Tfs*10	OncoKB: NA;CIViC: NA;CancerHotspot: no;3DHotspot: no			MutationAssessor: NA;SIFT: NA;Polyphen-2: NA;AlphaMissense: NA	Frame_Shift_Del	DEL	Diploid	Somatic	---	broad.mit.edu	17	44128062	44128062	C	-	17:g.44128062del	ENST00000262419.6:c.1857del	0.33		10	20			28	7/15					58		M0	N0	Stage II	7th	T2		T2	-21347	276		0	2	4.57	1:Recurred/Progressed			NOT HISPANIC OR LATINO					3/11/13	Low Grade	155	Muscle invasive urothelial carcinoma (pT2 or above)	Papillary	No	No	C67.9	8130/3	C67.9		YES	2011	NO	60	NO					Other method, specify:	surgical resection	NO		NO						TRUE	BLCA	12.65	1:DECEASED	0DB0F02F-94F5-492F-8840-5254792F6879	6365AA9B-CCDD-40AF-AA59-0396905DCB3E	TCGA-CF-A47T.BAAF2D41-6A16-48A3-B758-DC5CDF369C94.pdf	BAAF2D41-6A16-48A3-B758-DC5CDF369C94	NO	Bladder - NOS		YES	ASIAN	NO	NO	1	520	Primary	1	Female				Matched		CF	0.933333333	1	Complete Remission/Response	TUMOR FREE	Bladder					A	54
KANSL1	Bladder Cancer (TCGA, Cell 2017)	TCGA-CF-A47X-01	Bladder Cancer	Bladder Urothelial Carcinoma	D558N	OncoKB: NA;CIViC: NA;CancerHotspot: no;3DHotspot: no			MutationAssessor: impact: low, score: 4.88972688580634;SIFT: impact: tolerated, score: 0.18;Polyphen-2: impact: benign, score: 0.03;AlphaMissense: pathogenicity: benign, score: 0.1067	Missense_Mutation	SNP	Gain	Somatic	NaN	broad.mit.edu	17	44144079	44144079	C	T	17:g.44144079C>T	ENST00000262419.6:c.1672G>A	0.45		13	16			292	6/15					60		M0	N0	Stage II	7th	T2		T2	-22200	151		0	3	12.61	0:DiseaseFree			NOT HISPANIC OR LATINO					3/11/13	Low Grade	175	Muscle invasive urothelial carcinoma (pT2 or above)	Papillary	No	No	C67.9	8130/3	C67.9		YES	2012	NO	60	NO					Other method, specify:	surgical resection	NO		NO						TRUE	BLCA	12.61	0:LIVING	82D5F37F-5A1B-49D8-B990-AC222B4E1C1D	3571832F-968E-48CB-ADBF-67F1F8E95B52	TCGA-CF-A47X.F3D1CD04-8E47-455D-9DA3-30CA82805AFB.pdf	F3D1CD04-8E47-455D-9DA3-30CA82805AFB	NO	Bladder - NOS		YES	ASIAN	NO	NO	1	460	Primary	1	Male	20	41		Matched		CF	9.733333333	2	Complete Remission/Response	TUMOR FREE	Bladder					A	62
KANSL1	Bladder Cancer (TCGA, Cell 2017)	TCGA-DK-A6AW-01	Bladder Cancer	Bladder Urothelial Carcinoma	D914N	OncoKB: NA;CIViC: NA;CancerHotspot: no;3DHotspot: no			MutationAssessor: NA;SIFT: impact: deleterious, score: 0.01;Polyphen-2: impact: probably_damaging, score: 0.998;AlphaMissense: pathogenicity: pathogenic, score: 0.709	Missense_Mutation	SNP	Diploid	Somatic	NaN	broad.mit.edu	17	44110543	44110543	C	T	17:g.44110543C>T	ENST00000262419.6:c.2740G>A	0.31		5	11			3539	13/15	0.00000441458	Uncertain_significance	rs1200984517		70		M0	N0	Stage II	6th	T2a	NO		-25644	1183		0	1264	53.25	0:DiseaseFree			NOT HISPANIC OR LATINO					9/6/13	High Grade	173	Muscle invasive urothelial carcinoma (pT2 or above)	Non-Papillary	No	Yes	C67.0	8120/3	C67.0	NO	YES	2010	NO		YES	0	27		None	Transurethral resection (TURBT)		NO	Bacillus Calmette-Guerin (BCG)	YES	Retired	Teacher	None	Education		TRUE	BLCA	53.25	0:LIVING	01C815BA-7BDA-4F7E-865C-0C5776FEBF2C	71AE41DC-20DA-440F-A04A-C2516B79DB19	TCGA-DK-A6AW.FFC32668-B801-48EB-BBAC-0E624AEED12D.pdf	FFC32668-B801-48EB-BBAC-0E624AEED12D	NO	Trigone		YES	WHITE	NO	NO	1	110	Primary	1	Male	25	20	2009	Matched		DK	118.1666667	4	Complete Remission/Response	TUMOR FREE	Bladder	NO		YES	NO	A	95
KANSL1	Bladder Cancer (TCGA, Cell 2017)	TCGA-DK-A6AW-01	Bladder Cancer	Bladder Urothelial Carcinoma	R824*	OncoKB: NA;CIViC: NA;CancerHotspot: no;3DHotspot: no			MutationAssessor: NA;SIFT: NA;Polyphen-2: NA;AlphaMissense: NA	Nonsense_Mutation	SNP	Diploid	Somatic	NaN	broad.mit.edu	17	44115975	44115975	G	A	17:g.44115975G>A	ENST00000262419.6:c.2470C>T	0.56		38	30			3539	10/15		Pathogenic	rs2077221203		70		M0	N0	Stage II	6th	T2a	NO		-25644	1183		0	1264	53.25	0:DiseaseFree			NOT HISPANIC OR LATINO					9/6/13	High Grade	173	Muscle invasive urothelial carcinoma (pT2 or above)	Non-Papillary	No	Yes	C67.0	8120/3	C67.0	NO	YES	2010	NO		YES	0	27		None	Transurethral resection (TURBT)		NO	Bacillus Calmette-Guerin (BCG)	YES	Retired	Teacher	None	Education		TRUE	BLCA	53.25	0:LIVING	01C815BA-7BDA-4F7E-865C-0C5776FEBF2C	71AE41DC-20DA-440F-A04A-C2516B79DB19	TCGA-DK-A6AW.FFC32668-B801-48EB-BBAC-0E624AEED12D.pdf	FFC32668-B801-48EB-BBAC-0E624AEED12D	NO	Trigone		YES	WHITE	NO	NO	1	110	Primary	1	Male	25	20	2009	Matched		DK	118.1666667	4	Complete Remission/Response	TUMOR FREE	Bladder	NO		YES	NO	A	95
KANSL1	Bladder Cancer (TCGA, Cell 2017)	TCGA-DK-AA6P-01	Bladder Cancer	Bladder Urothelial Carcinoma	X889_splice	OncoKB: NA;CIViC: NA;CancerHotspot: no;3DHotspot: no			MutationAssessor: NA;SIFT: NA;Polyphen-2: NA;AlphaMissense: NA	Splice_Site	SNP	Gain	Somatic	NaN	broad.mit.edu	17	44110827	44110827	C	A	17:g.44110827C>A	ENST00000262419.6:c.2667-1G>T	0.49		36	37			185						72		M0	N0	Stage II	7th		[Not Reported]	T2	-26560	329		0	457	0.53	1:Recurred/Progressed			NOT HISPANIC OR LATINO					7/7/14	High Grade	158	Muscle invasive urothelial carcinoma (pT2 or above)	Papillary	No	No	C67.2	8120/3	C67.2	NO	YES	2013	NO	90	NO				None	Transurethral resection (TURBT)		YES		NO	Retired	Bookkeeper	None	Finance		TRUE	BLCA	15.01	0:LIVING	4E702CA1-C0E0-4B9C-B9C7-7D7946818561	3C71158D-98FF-4EF5-923F-BA31A25036EC	TCGA-DK-AA6P.2D499EC2-59F5-462D-A60C-BD19B4BE8E46.pdf	2D499EC2-59F5-462D-A60C-BD19B4BE8E46	YES	Wall Lateral		YES	WHITE	NO	NO	1	340	Primary	1	Female	30	14	2003	Matched		DK	6.166666667	4	Partial Remission/Response	TUMOR FREE	Bladder					A	66
KANSL1	Bladder Cancer (TCGA, Cell 2017)	TCGA-E7-A5KF-01	Bladder Cancer	Bladder Urothelial Carcinoma	D674N	OncoKB: NA;CIViC: NA;CancerHotspot: no;3DHotspot: no			MutationAssessor: impact: medium, score: 6.048878885022956;SIFT: impact: deleterious, score: 0;Polyphen-2: impact: probably_damaging, score: 0.995;AlphaMissense: pathogenicity: pathogenic, score: 0.7101	Missense_Mutation	SNP	Diploid	Somatic	NaN	broad.mit.edu	17	44127899	44127899	C	T	17:g.44127899C>T	ENST00000262419.6:c.2020G>A	0.45		10	12			181	7/15					67		M0	N0	Stage II	7th	T2a	NO		-24528	107		0	20	0.66	0:DiseaseFree			NOT HISPANIC OR LATINO	NO		Father	Bladder	4/12/13	Low Grade	160	Muscle invasive urothelial carcinoma (pT2 or above)	Non-Papillary	No	No	C67.9	8120/3	C67.9	NO	YES	2012	NO		NO				None	Endoscopic Biopsy		NO		NO	Farmer	Farmer		Farming		TRUE	BLCA	0.66	0:LIVING	5D06CC19-8B10-4ED1-B6D4-8E044F1F8A8C	BA110C03-750F-4B30-89B3-E1B1B41E8144	TCGA-E7-A5KF.4EE096A0-381D-468C-AA30-F914F4F6589E.pdf	4EE096A0-381D-468C-AA30-F914F4F6589E		Wall NOS		YES	ASIAN		NO	1	670	Primary	1	Male	25	42		Matched		E7	6.033333333	2		TUMOR FREE	Bladder					A	57
KANSL1	Bladder Cancer (TCGA, Cell 2017)	TCGA-FD-A3SL-01	Bladder Cancer	Bladder Urothelial Carcinoma	R304G	OncoKB: NA;CIViC: NA;CancerHotspot: no;3DHotspot: no			MutationAssessor: impact: medium, score: 6.050581014326356;SIFT: impact: deleterious, score: 0;Polyphen-2: impact: probably_damaging, score: 0.992;AlphaMissense: pathogenicity: pathogenic, score: 0.9897	Missense_Mutation	SNP	Diploid	Somatic	NaN	broad.mit.edu	17	44248600	44248600	G	C	17:g.44248600G>C	ENST00000262419.6:c.910C>G	0.14		23	143			204	2/15					60		M1	N2	Stage IV	7th	T4a	YES		-22020	322		0	334	8.54	1:Recurred/Progressed			NOT HISPANIC OR LATINO	YES		Father|Mother	Lung/Bronchus|Colon	7/11/12	High Grade	183	Muscle invasive urothelial carcinoma (pT2 or above)	Non-Papillary	No	Yes	C67.4	8120/3	C67.4	NO	YES	2011	NO		YES	18	18	ileocecum	Lung|Other	Transurethral resection (TURBT)		NO	Bacillus Calmette-Guerin (BCG)	YES	retired	railroad worker		railroad industry		TRUE	BLCA	23.39	1:DECEASED	4570B6E2-D430-41CA-AAB1-CE4D14C36463	0A1E88E0-3593-40BA-86E5-751074885578	TCGA-FD-A3SL.60008E3E-7CD4-4DB5-83C0-3273B7F962F6.pdf	60008E3E-7CD4-4DB5-83C0-3273B7F962F6	YES	Dome|Wall Anterior|Wall Posterior		YES	WHITE	NO	NO	1	920	Primary	1	Male				Matched		FD	6.9	1	Progressive Disease	WITH TUMOR	Bladder	NO	NO	YES	YES	A	116
KANSL1	Bladder Cancer (TCGA, Cell 2017)	TCGA-FD-A6TB-01	Bladder Cancer	Bladder Urothelial Carcinoma	N235Hfs*11	OncoKB: NA;CIViC: NA;CancerHotspot: no;3DHotspot: no			MutationAssessor: NA;SIFT: NA;Polyphen-2: NA;AlphaMissense: NA	Frame_Shift_Del	DEL	Gain	Somatic	---	broad.mit.edu	17	44248803	44248807	GAATT	-	17:g.44248803_44248807del	ENST00000262419.6:c.703_707del	0.15		23	131			187	2/15					82		MX	N0	Stage III	7th	T3a	NO	T1	-30185	273		0	390	18.79	0:DiseaseFree			NOT HISPANIC OR LATINO					12/5/13	High Grade	170	Muscle invasive urothelial carcinoma (pT2 or above)	Non-Papillary	Yes	Yes	C67.2	8120/3	C67.2	NO	YES	2012	NO		YES	0	26			Transurethral resection (TURBT)		NO	Bacillus Calmette-Guerin (BCG)	YES	Retired	Mechanical Engineer				TRUE	BLCA	18.79	0:LIVING	389D1E21-5B97-4231-A3D7-71FECB918BEB	133A4BE0-26A6-4F42-9EBF-52D3E48D35A9	TCGA-FD-A6TB.D324203B-97F7-4EDF-B1D2-217F63ACAF92.pdf	D324203B-97F7-4EDF-B1D2-217F63ACAF92	NO	Wall Lateral|Wall Posterior		NO	WHITE	NO	YES	1	750	Primary	1	Male	30			Matched		FD	6.233333333	5	Complete Remission/Response	TUMOR FREE	Bladder	NO	NO	YES	NO	A	62
KANSL1	Bladder Cancer (TCGA, Cell 2017)	TCGA-G2-A2EO-01	Bladder Cancer	Bladder Urothelial Carcinoma	Q553*	OncoKB: NA;CIViC: NA;CancerHotspot: no;3DHotspot: no			MutationAssessor: NA;SIFT: NA;Polyphen-2: NA;AlphaMissense: NA	Nonsense_Mutation	SNP	Diploid	Somatic	NaN	broad.mit.edu	17	44144094	44144094	G	A	17:g.44144094G>A	ENST00000262419.6:c.1657C>T	0.26		12	35			757	6/15					69		M0	N0	Stage III	6th	T3a			-25440	597		0	997				1	NOT HISPANIC OR LATINO			Mother|[Not Available]	Liver-Hepatoblastoma|Adrenal Cortical Tumor	10/27/11	High Grade	182	Muscle invasive urothelial carcinoma (pT2 or above)	Non-Papillary	No	No	C67.3	8120/3	C67.3	NO	YES	2009	NO	90	NO				None	Transurethral resection (TURBT)					Retired Computer Analyst	Computer Analyst				TRUE	BLCA	59.26	1:DECEASED	98B9AD62-76ED-43E3-91BC-B8F065D79673	3A663626-0765-4DCB-8489-53F585E663EC	TCGA-G2-A2EO.AB5DCF8B-A35D-4B20-A108-AB443795D3F3.pdf	AB5DCF8B-A35D-4B20-A108-AB443795D3F3		Bladder - NOS		NO	WHITE		YES	1	350	Primary	1	Male				Matched		G2	25.3	1		TUMOR FREE	Bladder					A	89.2
KANSL1	Bladder Cancer (TCGA, Cell 2017)	TCGA-G2-A3VY-01	Bladder Cancer	Bladder Urothelial Carcinoma	E489Q	OncoKB: NA;CIViC: NA;CancerHotspot: no;3DHotspot: no			MutationAssessor: impact: medium, score: 5.527820304066133;SIFT: impact: tolerated, score: 0.16;Polyphen-2: impact: benign, score: 0.239;AlphaMissense: pathogenicity: benign, score: 0.1216	Missense_Mutation	SNP	Diploid	Somatic	NaN	broad.mit.edu	17	44159875	44159875	C	G	17:g.44159875C>G	ENST00000262419.6:c.1465G>C	0.51		28	27			661	4/15					66				Stage II	7th		NO	T2	-24112	42		0	26	17.61	0:DiseaseFree		1	NOT HISPANIC OR LATINO					9/6/12	High Grade	189	Muscle invasive urothelial carcinoma (pT2 or above)	Non-Papillary	No	Yes	C67.9	8120/3	C67.9		YES	2012	NO	90	NO					Transurethral resection (TURBT)		NO		YES	software consultant	Navy commander				TRUE	BLCA	17.61	0:LIVING	CD50C69F-0F45-4C57-B61A-8C6B41AB4F7E	5A66149F-8FB0-41BC-880C-56D5541E3D94	TCGA-G2-A3VY.329F5DB7-9FC7-4856-8B15-1DBC9D6C42F6.pdf	329F5DB7-9FC7-4856-8B15-1DBC9D6C42F6	NO	Bladder - NOS		YES	ASIAN	NO	NO	1	450	Primary	1	Male				Matched		G2	22.1	1	Stable Disease	WITH TUMOR	Bladder	NO				A	74
KANSL1	Bladder Cancer (TCGA, Cell 2017)	TCGA-G2-AA3F-01	Bladder Cancer	Bladder Urothelial Carcinoma	A756Gfs*25	OncoKB: NA;CIViC: NA;CancerHotspot: no;3DHotspot: no			MutationAssessor: NA;SIFT: NA;Polyphen-2: NA;AlphaMissense: NA	Frame_Shift_Ins	INS	Gain	Somatic	---	broad.mit.edu	17	44116518	44116519	-	C	17:g.44116518_44116519insC	ENST00000262419.6:c.2266dup	0.29		10	25			130	9/15					77		M0	N1	Stage IV	7th	T3	YES	T2	-28457	459		0	592	29.34	0:DiseaseFree		1	NOT HISPANIC OR LATINO	NO		Mother	Colon	7/11/14	High Grade	173	Muscle invasive urothelial carcinoma (pT2 or above)	Non-Papillary	No	No	C67.9	8120/3	C67.9	NO	YES	2012	NO		YES	1	28		Lymph node only	Transurethral resection (TURBT)		NO		NO	attorney					TRUE	BLCA	29.34	0:LIVING	9883C38F-87BF-4421-BFC0-1B1001F8159C	260CF40D-2F85-45C8-8DCC-689B1385FADB	TCGA-G2-AA3F.3421B447-B005-4F3D-9FAD-50C980F90F06.pdf	3421B447-B005-4F3D-9FAD-50C980F90F06	NO	Bladder - NOS		YES	WHITE	NO	NO	1	90	Primary	1	Male	108	18	1988	Matched		G2	4.333333333	3	Partial Remission/Response	WITH TUMOR	Bladder					A	91
KANSL1	Bladder Cancer (TCGA, Cell 2017)	TCGA-GC-A3RB-01	Bladder Cancer	Bladder Urothelial Carcinoma	X551_splice	OncoKB: NA;CIViC: NA;CancerHotspot: no;3DHotspot: no			MutationAssessor: NA;SIFT: NA;Polyphen-2: NA;AlphaMissense: NA	Splice_Site	SNP	Diploid	Somatic	NaN	broad.mit.edu	17	44144914	44144914	C	A	17:g.44144914C>A	ENST00000262419.6:c.1652+1G>T	0.47		43	48			144						54	pT2a	M0	N0	Stage III	7th	T3b		T3b	-20021	174		0	137	19.12	0:DiseaseFree			NOT HISPANIC OR LATINO	YES	Extensive			9/25/12	High Grade		Muscle invasive urothelial carcinoma (pT2 or above)	Non-Papillary	No	No	C67.9	8120/3	C67.9	YES	YES	2011	NO		YES	0	9			Transurethral resection (TURBT)		NO		NO	Disabled	Cook		Restaurant		TRUE	BLCA	19.12	0:LIVING	A0BCF1B1-4DD4-4D7F-B63E-B49296671451	B682E1F9-F9C8-41FB-9185-F734FF62917D	TCGA-GC-A3RB.2783B3D4-83FA-4E66-A424-715CAC7EFD53.pdf	2783B3D4-83FA-4E66-A424-715CAC7EFD53		Trigone		YES	WHITE		NO	1	80	Primary	1	Male	40	15		Matched		GC	4.8	2		TUMOR FREE	Bladder					A	
KANSL1	Bladder Cancer (TCGA, Cell 2017)	TCGA-GU-A42Q-01	Bladder Cancer	Bladder Urothelial Carcinoma	G540V	OncoKB: NA;CIViC: NA;CancerHotspot: no;3DHotspot: no			MutationAssessor: impact: low, score: 4.532790674791477;SIFT: impact: deleterious, score: 0.01;Polyphen-2: impact: possibly_damaging, score: 0.733;AlphaMissense: pathogenicity: benign, score: 0.1071	Missense_Mutation	SNP	Diploid	Somatic	NaN	broad.mit.edu	17	44144948	44144948	C	A	17:g.44144948C>A	ENST00000262419.6:c.1619G>T	0.20		9	36			164	5/15					67		M0	N0	Stage III	7th	T3b	NO		-24534	191		0	231					NOT HISPANIC OR LATINO	NO		Father|Brother	Kidney-except Pelvis|Leukemia-NOS	10/30/12	High Grade	185	Muscle invasive urothelial carcinoma (pT2 or above)	Non-Papillary	No	No	C67.9	8120/3	C67.9	NO	YES	2012	NO		YES	0	68			Transurethral resection (TURBT)		NO		NO	Retired	Farmer	Pesticides	Farming	50	TRUE	BLCA	11.3	1:DECEASED	9C46846E-7F66-4936-AF97-50A7B8189D84	40957A46-C3EF-4A77-8A43-755918ECD6C6	TCGA-GU-A42Q.7A1C2B15-348F-484B-A15E-CD39996517E2.pdf	7A1C2B15-348F-484B-A15E-CD39996517E2	NO	Wall Lateral|Wall Posterior		YES	WHITE	NO	NO	1	80	Primary	1	Male	57	11		Matched		GU	5.5	2	Complete Remission/Response	TUMOR FREE	Bladder					A	89
KANSL1	Bladder Cancer (TCGA, Cell 2017)	TCGA-K4-A3WS-01	Bladder Cancer	Bladder Urothelial Carcinoma	Q243Kfs*36	OncoKB: NA;CIViC: NA;CancerHotspot: no;3DHotspot: no			MutationAssessor: NA;SIFT: NA;Polyphen-2: NA;AlphaMissense: NA	Frame_Shift_Del	DEL	Diploid	Somatic	---	broad.mit.edu	17	44248783	44248783	G	-	17:g.44248783del	ENST00000262419.6:c.727del	0.08		12	138			266	2/15					66	pT2c	MX	N0	Stage III	7th	T3a	YES		-24124	175		0	266	25	0:DiseaseFree			NOT HISPANIC OR LATINO					8/6/12	High Grade		Muscle invasive urothelial carcinoma (pT2 or above)	Non-Papillary	No	Yes	C67.9	8120/3	C67.9	YES	YES	2011	NO		YES	0	6			Transurethral resection (TURBT)		NO		NO	retired	Chemical Machine Operator	Many including arsenic			TRUE	BLCA	25	0:LIVING	68ADACD1-A16E-4489-9E68-792A6BD8811C	54070AE0-0C10-4C10-B8BB-A7313B80A45F	TCGA-K4-A3WS.57743D2E-0677-40AD-A1EE-430EFF8F3F2A.pdf	57743D2E-0677-40AD-A1EE-430EFF8F3F2A	NO	Trigone|Wall Lateral|Wall Posterior		YES	WHITE	NO	NO	1	130	Primary	1	Male	25	15	1986	Matched		K4	8.866666667	3		TUMOR FREE	Bladder					A	292
KANSL1	Bladder Cancer (TCGA, Cell 2017)	TCGA-XF-A9SJ-01	Bladder Cancer	Bladder Urothelial Carcinoma	L210F	OncoKB: NA;CIViC: NA;CancerHotspot: no;3DHotspot: no			MutationAssessor: impact: medium, score: 5.802756880996028;SIFT: impact: tolerated, score: 0.14;Polyphen-2: impact: probably_damaging, score: 0.994;AlphaMissense: pathogenicity: benign, score: 0.2352	Missense_Mutation	SNP	Gain	Somatic	NaN	broad.mit.edu	17	44248882	44248882	G	A	17:g.44248882G>A	ENST00000262419.6:c.628C>T	0.04		8	193			268	2/15					83	pT2a	MX	N2	Stage IV	6th	T3b	NO		-30362	3298	98	0						NOT HISPANIC OR LATINO	NO		Sister	Breast-Fem	7/2/14	High Grade	185	Muscle invasive urothelial carcinoma (pT2 or above)	Non-Papillary	No	Yes	C67.9	8120/3	C67.9	YES	YES	2004	NO	90	YES	16	64	diverticulum	Other	Transurethral resection (TURBT)		NO	Transurethral resection alone	YES	Restoration of plane engines & pilot	pilot and aviation mechanic		aviation		TRUE	BLCA	3.22	1:DECEASED	B319798A-3F35-4902-8ECF-5BE529D99312	FD042907-F6CA-4C8B-8E6D-AA24678F444A	TCGA-XF-A9SJ.0093D096-4A35-4543-9FDB-838AE59F0833.pdf	0093D096-4A35-4543-9FDB-838AE59F0833	NO	Bladder - NOS		NO	WHITE	NO	YES	1	510	Primary	1	Male	55	14	1965	Matched		XF	8.966666667	3	Progressive Disease	WITH TUMOR	Bladder					A	95
KANSL1	Bladder Cancer (TCGA, Cell 2017)	TCGA-XF-A9T0-01	Bladder Cancer	Bladder Urothelial Carcinoma	G540E	OncoKB: NA;CIViC: NA;CancerHotspot: no;3DHotspot: no			MutationAssessor: impact: medium, score: 5.468691763242274;SIFT: impact: deleterious, score: 0.01;Polyphen-2: impact: possibly_damaging, score: 0.908;AlphaMissense: pathogenicity: benign, score: 0.2234	Missense_Mutation	SNP	Gain	Somatic	NaN	broad.mit.edu	17	44144948	44144948	C	T	17:g.44144948C>T	ENST00000262419.6:c.1619G>A	0.54		42	36			685	5/15					68	pT2a	MX	N0	Stage III	6th	T3b	NO		-25190	2323		0	799	26.25	0:DiseaseFree			NOT HISPANIC OR LATINO	NO		Mother	Breast-Fem	6/28/14	High Grade	178	Muscle invasive urothelial carcinoma (pT2 or above)	Non-Papillary	No	Yes	C67.9	8120/3	C67.9	YES	YES	2007	NO	90	YES	0	79		None	Transurethral resection (TURBT)		NO		NO	Campus Supervisor	Administration/Contracting		Military Industry		TRUE	BLCA	26.25	0:LIVING	5F5C1775-A908-483D-8A77-B902C5B7570E	B97891BC-BF12-4C81-A2BB-B15E341B4BDF	TCGA-XF-A9T0.BD4F0E43-3FE5-4059-875E-70E998BEF60F.pdf	BD4F0E43-3FE5-4059-875E-70E998BEF60F	NO	Bladder - NOS		NO	WHITE	NO	YES	1	770	Primary	1	Male				Matched		XF	22.86666667	5	Complete Remission/Response	TUMOR FREE	Bladder					A	82
KANSL1	Bladder Cancer (TCGA, Cell 2017)	TCGA-XF-AAMG-01	Bladder Cancer	Bladder Urothelial Carcinoma	X798_splice	OncoKB: NA;CIViC: NA;CancerHotspot: no;3DHotspot: no			MutationAssessor: NA;SIFT: NA;Polyphen-2: NA;AlphaMissense: NA	Splice_Site	SNP	Gain	Somatic	NaN	broad.mit.edu	17	44116392	44116392	C	T	17:g.44116392C>T	ENST00000262419.6:c.2392+1G>A	0.61		44	28			882						49		MX	N0	Stage III	6th	T4a	NO		-18021	3366		0	3364	110.51	0:DiseaseFree			HISPANIC OR LATINO	NO		Father	Lymphoma	7/21/14	High Grade	175	Muscle invasive urothelial carcinoma (pT2 or above)	Non-Papillary	No	No	C67.9	8120/3	C67.9	NO	YES	2004	NO	90	YES	0	51		None	Endoscopic Biopsy		NO		NO	City Government Worker	City Government Admin		Office Worker		TRUE	BLCA	110.51	0:LIVING	390A29FE-2CFD-43C4-A247-69E692763E17	D8AB144A-616B-45CA-B54B-D7106F707155	TCGA-XF-AAMG.3B9E30D8-1671-465F-9425-951912C1ECF5.pdf	3B9E30D8-1671-465F-9425-951912C1ECF5	YES	Bladder - NOS		NO	WHITE	NO	YES	1	540	Primary	1	Male				Matched		XF	29.43333333	5	Complete Remission/Response	TUMOR FREE	Bladder					A	72
KANSL1	Bladder Cancer (TCGA, Cell 2017)	TCGA-XF-AAMZ-01	Bladder Cancer	Bladder Urothelial Carcinoma	E904K	OncoKB: NA;CIViC: NA;CancerHotspot: no;3DHotspot: no			MutationAssessor: impact: medium, score: 5.965317649747415;SIFT: impact: deleterious, score: 0.01;Polyphen-2: impact: possibly_damaging, score: 0.655;AlphaMissense: pathogenicity: benign, score: 0.1514	Missense_Mutation	SNP	Diploid	Somatic	NaN	broad.mit.edu	17	44110783	44110783	C	T	17:g.44110783C>T	ENST00000262419.6:c.2710G>A	0.10		7	64			271	12/15					81		MX	N2	Stage IV	6th	T3a	YES		-29667	2557	1348	0		44.15	1:Recurred/Progressed			NOT HISPANIC OR LATINO	YES	Focal			7/15/14	High Grade	160	Muscle invasive urothelial carcinoma (pT2 or above)	Papillary	No	Yes	C67.9	8130/3	C67.9	NO	YES	2007	NO	90	YES	5	69		Lymph node only	Transurethral resection (TURBT)		YES	Bacillus Calmette-Guerin (BCG)	YES	retired	Educational Films		Entertainment Industry		TRUE	BLCA	44.28	1:DECEASED	ED36D054-53C4-465C-BD84-6EC5227097BF	0C9C512C-0D91-4F83-B706-CAC1127CDAB0	TCGA-XF-AAMZ.45680E92-721E-4332-9E45-7F134D7AFCAE.pdf	45680E92-721E-4332-9E45-7F134D7AFCAE	NO	Bladder - NOS		NO	WHITE	NO	YES	1	370	Primary	1	Female				Matched		XF	9.066666667	1	Partial Remission/Response	WITH TUMOR	Bladder	NO	NO	YES	NO	A	52
KANSL1	Bladder Cancer (TCGA, Cell 2017)	TCGA-XF-AAN7-01	Bladder Cancer	Bladder Urothelial Carcinoma	R876C	OncoKB: NA;CIViC: NA;CancerHotspot: no;3DHotspot: no			MutationAssessor: impact: medium, score: 6.045027774841909;SIFT: impact: deleterious, score: 0;Polyphen-2: impact: probably_damaging, score: 0.997;AlphaMissense: pathogenicity: pathogenic, score: 0.9979	Missense_Mutation	SNP	Diploid	Somatic	NaN	broad.mit.edu	17	44111567	44111567	G	A	17:g.44111567G>A	ENST00000262419.6:c.2626C>T	0.50		10	10			131	11/15					60	pT2a	MX	N1	Stage IV	5th	T3a	YES		-21951	2087	565	0		10.55	1:Recurred/Progressed			NOT HISPANIC OR LATINO	YES	Focal			7/21/14	High Grade	183	Muscle invasive urothelial carcinoma (pT2 or above)	Non-Papillary	No	Yes	C67.9	8120/3	C67.9	YES	YES	2008	NO	90	YES	1	170		Lymph node only	Transurethral resection (TURBT)		YES	Transurethral resection alone	YES	Manager	Manager		Social Civic Organization		TRUE	BLCA	18.56	1:DECEASED	9D7FBDEB-EA3D-4E07-8527-23C5997D77CF	C1F6F709-4C79-465A-90D4-17E08DFA96CD	TCGA-XF-AAN7.B680364D-6FEC-45A5-95FC-1055E37DFCE2.pdf	B680364D-6FEC-45A5-95FC-1055E37DFCE2	YES	Bladder - NOS		NO	WHITE	NO	YES	1	1300	Primary	1	Male	40	20		Matched		XF	4.366666667	2	Complete Remission/Response	WITH TUMOR	Bladder					A	89
KANSL1	Bladder Cancer (TCGA, Cell 2017)	TCGA-YC-A89H-01	Bladder Cancer	Bladder Urothelial Carcinoma	E484K	OncoKB: NA;CIViC: NA;CancerHotspot: no;3DHotspot: no			MutationAssessor: impact: medium, score: 5.8567398950126215;SIFT: impact: tolerated, score: 0.1;Polyphen-2: impact: benign, score: 0.118;AlphaMissense: pathogenicity: ambiguous, score: 0.4565	Missense_Mutation	SNP	Diploid	Somatic	NaN	broad.mit.edu	17	44159890	44159890	C	T	17:g.44159890C>T	ENST00000262419.6:c.1450G>A	0.28		7	18			1372	4/15		Uncertain_significance	rs1173584837		78		MX		Stage II	7th		NO	T2	-28741	205		0	315	18.82	0:DiseaseFree			NOT HISPANIC OR LATINO					2/21/14	High Grade	145	Muscle invasive urothelial carcinoma (pT2 or above)	Non-Papillary	No	No	C67.9	8120/3	C67.9	NO	YES	2013	NO		NO					Transurethral resection (TURBT)		NO		NO	Retired					FALSE	BLCA	18.82	0:LIVING	95520295-90D3-4B4E-86B6-4BD856723315	E02F0582-9183-4E63-BFD5-48F7C1565DAF	TCGA-YC-A89H.0E633B83-3C48-4D53-B7BF-EFE0BDF73DED.pdf	0E633B83-3C48-4D53-B7BF-EFE0BDF73DED	YES	Neck		NO	WHITE	NO	YES	1	380	Primary	1	Female	31.5	15		Matched		YC	45.63333333	2	Complete Remission/Response	TUMOR FREE	Bladder					A	44
KANSL1	Bladder Cancer (TCGA, Cell 2017)	TCGA-ZF-A9RL-01	Bladder Cancer	Bladder Urothelial Carcinoma	V823L	OncoKB: NA;CIViC: NA;CancerHotspot: no;3DHotspot: no			MutationAssessor: impact: low, score: 3.426398915534604;SIFT: impact: tolerated, score: 0.26;Polyphen-2: impact: benign, score: 0.04;AlphaMissense: pathogenicity: benign, score: 0.1417	Missense_Mutation	SNP	Diploid	Somatic	NaN	broad.mit.edu	17	44115978	44115978	C	A	17:g.44115978C>A	ENST00000262419.6:c.2467G>T	0.17		8	40			323	10/15					61		MX		Stage II	6th			T2	-22480	2221		0	2509	82.42	1:Recurred/Progressed		1	NOT HISPANIC OR LATINO			Brother|Sister|Sister	Gastric|Breast-Fem|CNS	11/15/14	High Grade	164	Muscle invasive urothelial carcinoma (pT2 or above)	Papillary	No	Yes	C67.9	8120/3	C67.9		YES	2007	NO							Transurethral resection (TURBT)		YES	Bacillus Calmette-Guerin (BCG)	YES	retired					TRUE	BLCA	88.8	0:LIVING	386F51E4-D03A-4606-BF2E-6168F2122C5F	743C1949-46C8-4A6E-83D8-5E05F09D9337	TCGA-ZF-A9RL.EC382266-E28D-4F67-B363-84425688F82F.pdf	EC382266-E28D-4F67-B363-84425688F82F	NO	Bladder - NOS		NO	WHITE	NO	YES	1	10	Primary	1	Male	38	18	2002	Matched		ZF	10.76666667	4	Complete Remission/Response	WITH TUMOR	Bladder	NO	NO	YES	NO	A	
KANSL1	Bladder Cancer (TCGA, Cell 2017)	TCGA-ZF-AA4W-01	Bladder Cancer	Bladder Urothelial Carcinoma	R1066H	OncoKB: NA;CIViC: NA;CancerHotspot: no;3DHotspot: no			MutationAssessor: NA;SIFT: impact: tolerated_low_confidence, score: 0.09;Polyphen-2: impact: possibly_damaging, score: 0.871;AlphaMissense: pathogenicity: benign, score: 0.2666	Missense_Mutation	SNP	Diploid	Somatic	NaN	broad.mit.edu	17	44108963	44108963	C	T	17:g.44108963C>T	ENST00000262419.6:c.3197G>A	0.13		4	28			512	15/15			rs368475798		56		MX	N0	Stage III	6th	T3b	YES	T3	-20611	1742		0	1830	55.16	1:Recurred/Progressed		1	NOT HISPANIC OR LATINO					11/15/14	High Grade	187	Muscle invasive urothelial carcinoma (pT2 or above)	Non-Papillary	No	No	C67.9	8120/3	C67.9	NO	YES	2009	NO		YES	0	15			Transurethral resection (TURBT)		YES		NO	retired					TRUE	BLCA	60.12	0:LIVING	63443198-4FCF-40BD-BEFB-4A6920D29CA4	579DD91D-D4AC-40BC-B406-5A799DACCE39	TCGA-ZF-AA4W.CEDD5865-4B14-4F0C-9BBD-CBE89E68C2C3.pdf	CEDD5865-4B14-4F0C-9BBD-CBE89E68C2C3	YES	Bladder - NOS		NO	WHITE	NO	YES	1	200	Primary	1	Male				Matched		ZF	17.06666667	1	Complete Remission/Response		Bladder					A	96
