Patient ID	ProteinChange	MutationType	PolyPhen	SIFT
TCGA-2F-A9KR-01	S830*	Nonsense	NA	NA
TCGA-4Z-AA7W-01	S434*	Nonsense	NA	NA
TCGA-BT-A20Q-01	S999*	Nonsense	NA	NA
TCGA-CF-A47T-01	N620Tfs*10	Frameshift Deletion	NA	NA
TCGA-CF-A47X-01	D558N	Missense	0.03	0.18
TCGA-DK-A6AW-01	D194N	Missense	0.99	0.00
TCGA-DK-A6AW-01	R824*	Nonsense	NA	NA
TCGA-DK-AA6P-01	X889_splice	Splice	NA	NA
TCGA-E7-A5KF-01	D674N	Missense	0.99	0.00
TCGA-FD-A3SL-01	R304G	Missense	0.99	0.00
TCGA-FD-A6TB-01	N235Hfs*11	Frameshift Deletion	NA	NA
TCGA-G2-A2EO-01	Q553*	Nonsense	NA	NA
TCGA-G2-A3VY-01	E489Q	Missense	0.24	0.16
TCGA-G2-AA3F-01	A756Gfs*25	Frameshift Insertion	NA	NA
TCGA-GC-A3RB-01	X551_splice	Splice	NA	NA
TCGA-GU-A42Q-01	G540V	Missense	0.73	0.01
TCGA-K4-A3WS-01	Q243Kfs*36	Frameshift Deletion	NA	NA
TCGA-XF-A9SJ-01	L210F	Missense	0.99	0.14
TCGA-XF-A9T0-01	G540E	Missense	0.91	0.01
TCGA-XF-AAMG-01	X798_splice	Splice	NA	NA
TCGA-XF-AAMZ-01	E904K	Missense	0.66	0.01
TCGA-XF-AAN7-01	R876C	Missense	1.00	0.00
TCGA-YC-A89H-01	E484K	Missense	0.12	0.10
TCGA-ZF-A9RL-01	V823L	Missense	0.04	0.26
TCGA-ZF-AA4W-01	R1066H	Missense	0.99	0.00
